<?xml version="1.0" encoding="UTF-8"?>
<project-private xmlns="http://www.netbeans.org/ns/project-private/1">
    <editor-bookmarks xmlns="http://www.netbeans.org/ns/editor-bookmarks/2" lastBookmarkId="0"/>
    <open-files xmlns="http://www.netbeans.org/ns/projectui-open-files/2">
        <group>
            <file>file:/C:/Users/Alejandro/Documents/NetBeansProjects/P5_PaintV1/src/p4_smm/P4_SMM.java</file>
            <file>file:/C:/Users/Alejandro/Documents/NetBeansProjects/P5_PaintV1/src/p4_smm/Ventana.java</file>
            <file>file:/C:/Users/Alejandro/Documents/NetBeansProjects/P5_PaintV1/src/p4_smm/MiLinea.java</file>
            <file>file:/C:/Users/Alejandro/Documents/NetBeansProjects/P5_PaintV1/src/p4_smm/Lienzo.java</file>
            <file>file:/C:/Users/Alejandro/Documents/NetBeansProjects/P5_PaintV1/src/p4_smm/MiElipse.java</file>
        </group>
    </open-files>
</project-private>
